trip_id,vehicle_id,route_id,start_time,end_time,distance_km,status,
1438575a-57d3-4d39-a8ca-49283a856ab3,v003,R08,2025-01-12T16:26:00,2025-01-12T17:46:00,17.68,completed,V003
9acc0452-fe5c-4191-a827-1ce7b94ebc77,v015,R06,2025-02-20T15:27:00,2025-02-20T15:42:00,16.61,completed,V015
3cbdc748-67b2-4bcf-9c65-0ea8a1ebf7f8,v014,R02,2025-01-04T09:37:00,2025-01-04T10:26:00,24.4,completed,V014
8c8cec32-9f05-4677-a1ba-c2fcebb04a4a,v006,R03,2025-02-20T16:43:00,2025-02-20T18:18:00,20.69,in_progress,V006
da0f8e91-c29d-4b0d-9640-1896be207faf,v006,R05,2025-02-13T04:08:00,2025-02-13T04:59:00,49.11,completed,V006
573d512d-74d8-4a32-a01c-03cdc800df37,v005,R04,2025-01-17T09:15:00,2025-01-17T09:56:00,36.86,completed,V005
2f1081fb-37b7-442d-b0c9-eee2acc92727,v009,R01,2025-01-16T04:56:00,2025-01-16T06:15:00,44.77,completed,V009
a563f91f-1799-4b2b-8527-aa9efbb9ac9b,v008,R03,2025-02-04T03:24:00,2025-02-04T04:07:00,4.42,completed,V008
c3deaf32-bc59-43b0-8a1b-8ae515493b3e,v008,R01,2025-01-02T05:44:00,2025-01-02T07:35:00,7.6,in_progress,V008
2556c637-ac76-4c15-9d3f-a0edc9aa2309,v007,R04,2025-02-06T02:25:00,2025-02-06T04:21:00,46.35,completed,V007
6ad17103-86f8-434a-9ef6-a71061de63c6,v020,R09,2025-02-07T01:33:00,2025-02-07T03:02:00,24.08,cancelled,V020
32acb50a-2c6e-4d1f-90e2-c6147bb86593,v013,R10,2025-02-02T12:21:00,2025-02-02T13:30:00,44.27,cancelled,V013
3ebe85ba-1c0a-4614-b58b-79f1fdd21cff,v019,R03,2025-01-08T17:59:00,2025-01-08T18:17:00,43.14,in_progress,V019
8c00818c-2b2e-4efa-8de4-e889dd315056,v020,R01,2025-01-16T18:42:00,2025-01-16T19:24:00,14.14,completed,V020
ad3d0086-9603-4255-a837-854a8881264b,v017,R08,2025-01-20T20:05:00,2025-01-20T20:41:00,33.83,completed,V017
a422e4f0-bf9b-4033-bf09-bb814b1a79b3,v015,R07,2025-01-06T11:37:00,2025-01-06T11:50:00,42.89,cancelled,V015
e65c2701-9c77-4a1d-aed5-bb3dc1132ab0,v010,R02,2025-02-02T21:40:00,2025-02-02T22:38:00,42.74,completed,V010
8019c6e4-1399-451f-93c6-a37902f77c83,v003,R05,2025-02-18T02:06:00,2025-02-18T03:20:00,8.15,cancelled,V003
140e7668-afaa-42fc-900d-860b8c4f70ba,v004,R07,2025-03-11T07:31:00,2025-03-11T07:49:00,34.76,cancelled,V004
8ebdc203-0484-4ae9-8714-9b01d0628dbc,v006,R02,2025-01-17T10:16:00,2025-01-17T10:53:00,16.66,completed,V006
9dee0595-22b0-4cad-bd7d-8d19abd23216,v004,R05,2025-01-27T08:10:00,2025-01-27T10:02:00,19.85,in_progress,V004
5a4c3766-50d7-4ac2-9245-e9d58b650952,v008,R03,2025-01-09T01:36:00,2025-01-09T01:56:00,20.59,completed,V008
b20d57ef-d11a-4da6-a9d0-2ee1e5587993,v019,R10,2025-01-05T04:48:00,2025-01-05T05:21:00,41.37,completed,V019
f86b00a9-b24c-4785-808c-3ea703266336,v012,R09,2025-02-11T11:45:00,2025-02-11T13:32:00,24.13,completed,V012
43fe1817-84ed-4042-8e4e-29ea99d2b90f,v014,R09,2025-02-20T08:43:00,2025-02-20T09:23:00,46.46,completed,V014
cdd264b1-ea5b-40b4-9fe7-ef3d2b8a78cb,v013,R01,2025-02-28T07:35:00,2025-02-28T08:10:00,45.92,completed,V013
4aa46003-764e-4522-a667-7f829465e321,v020,R08,2025-02-11T22:26:00,2025-02-11T23:26:00,20.3,completed,V020
bd682f7a-edcc-4abe-bb6f-1076895b769e,v014,R10,2025-02-09T07:01:00,2025-02-09T07:21:00,3.64,completed,V014
2b589a17-5782-4db2-8118-73e1b8544096,v011,R10,2025-02-06T01:58:00,2025-02-06T02:44:00,13.91,completed,V011
669044b8-1b69-4e35-9307-f40996522c6e,v017,R08,2025-01-27T14:33:00,2025-01-27T15:23:00,32.83,completed,V017
bcddcbc4-48d1-486b-a52a-4bc2ec88f4ec,v006,R04,2025-01-24T13:30:00,2025-01-24T14:44:00,35.76,completed,V006
ea9f0463-5727-4b5d-8dff-51677e9ab608,v010,R05,2025-01-14T03:01:00,2025-01-14T03:40:00,49.5,completed,V010
5c6ab2e3-48ed-47ad-9985-c1364a3dcc5d,v010,R10,2025-02-02T04:24:00,2025-02-02T05:33:00,43.54,completed,V010
d142186c-be56-4c74-8d27-71f4000b5fa4,v020,R08,2025-02-16T13:50:00,2025-02-16T15:23:00,46.35,completed,V020
db39c553-6bfd-4794-975d-b8172b4b30e8,v010,R07,2025-02-18T04:00:00,2025-02-18T05:17:00,36.84,completed,V010
acd6d1a8-051a-41d4-a5a2-25b1cd647971,v015,R03,2025-02-15T01:15:00,2025-02-15T02:11:00,17.99,in_progress,V015
380f37d9-e236-4499-8332-937e893098b5,v011,R01,2025-03-03T20:54:00,2025-03-03T21:28:00,12.43,completed,V011
ff9a4b68-3efe-462c-aed3-b0b08a0025c7,v017,R10,2025-03-01T01:42:00,2025-03-01T03:06:00,27.8,in_progress,V017
dcc37e85-d46a-46b3-8cce-c3ea807bb838,v009,R09,2025-02-07T15:56:00,2025-02-07T17:39:00,36.83,completed,V009
77a8da42-fd5e-4481-a00e-9d8ea97454c9,v007,R10,2025-01-12T21:52:00,2025-01-12T22:17:00,32,completed,V007
760c5c47-62d5-4e80-8467-4d12eba3e9d9,v008,R09,2025-01-09T04:25:00,2025-01-09T04:55:00,44.4,completed,V008
e0cf81df-d24c-4f54-8ef5-eda8d83d1c09,v006,R02,2025-02-26T20:53:00,2025-02-26T22:40:00,35.38,completed,V006
2cc24e02-e67f-4a1c-a9d3-a50640ef920c,v013,R07,2025-01-01T14:56:00,2025-01-01T15:37:00,25.64,completed,V013
9bd54a8b-37fd-4a7a-934c-52771b3cd6f8,v016,R03,2025-01-24T12:13:00,2025-01-24T13:33:00,49.07,in_progress,V016
56f61c30-a75f-465f-a974-4d091f9a2e50,v007,R09,2025-01-13T21:52:00,2025-01-13T23:09:00,15.4,completed,V007
26d2baed-7cc9-4dcf-8baa-fc9dd1864105,v003,R05,2025-02-20T21:35:00,2025-02-20T23:09:00,8.19,in_progress,V003
30340591-72ab-4b89-beff-3d11d5a1ce3b,v006,R09,2025-02-20T00:50:00,2025-02-20T01:12:00,37.92,completed,V006
91f84d6f-e784-4e6b-b878-22e80de52292,v014,R02,2025-02-12T21:27:00,2025-02-12T22:51:00,32.15,completed,V014
090b074c-b023-4d18-85f2-dc92d445ae3d,v004,R06,2025-01-11T04:46:00,2025-01-11T05:59:00,14.49,in_progress,V004
6d8391ed-ef3a-4208-95e6-634c4e510939,v015,R03,2025-02-27T13:25:00,2025-02-27T14:07:00,46.24,completed,V015
a3386ad6-10fa-4f61-b850-e7a1be9fca20,v017,R08,2025-01-09T22:46:00,2025-01-09T23:59:00,15.4,completed,V017
84bec11e-5dd7-4517-887a-a5d4d2e6fed4,v017,R06,2025-03-03T01:45:00,2025-03-03T03:09:00,29.1,completed,V017
1ff164e7-66a5-439e-9091-9fe16d471e67,v008,R04,2025-02-12T22:40:00,2025-02-13T00:24:00,11.6,completed,V008
c33f9b64-464a-4962-bef4-a4b32294aef6,v007,R01,2025-01-03T22:52:00,2025-01-03T23:43:00,46.24,completed,V007
d7e2ea87-e1e5-45e6-b886-558de8fd77b0,v013,R06,2025-02-02T17:53:00,2025-02-02T19:27:00,41.63,completed,V013
797e638b-1896-4067-a365-6bbf761770e0,v005,R07,2025-01-22T13:40:00,2025-01-22T14:13:00,48.32,completed,V005
47247894-310a-4d74-85ab-014cb4acbd4c,v012,R03,2025-01-28T23:24:00,2025-01-28T23:43:00,36.08,completed,V012
494157cb-2a6a-4645-9255-364ae6ffd112,v005,R04,2025-02-12T17:50:00,2025-02-12T18:17:00,43.92,completed,V005
8388570f-54ef-4ba8-b109-2679ae5c23d3,v018,R08,2025-02-13T08:47:00,2025-02-13T10:11:00,49.02,completed,V018
3ac1181e-120e-47be-86f2-dcbec3453b63,v015,R03,2025-01-24T06:12:00,2025-01-24T07:10:00,36.53,completed,V015
67a7600c-26c9-4d38-a034-dbcaf2712b84,v014,R02,2025-01-09T11:53:00,2025-01-09T13:52:00,13.92,completed,V014
87c7246e-950c-441f-9a1e-56ef4ce348a8,v015,R08,2025-01-28T05:46:00,2025-01-28T07:40:00,26.85,completed,V015
88c14689-183e-4b3a-861b-e98f06958351,v009,R05,2025-01-27T11:21:00,2025-01-27T12:07:00,23.69,in_progress,V009
2662540e-1076-4fa8-b8fe-0697d1d75078,v014,R09,2025-01-26T06:15:00,2025-01-26T08:15:00,3.12,completed,V014
e04a0fd7-df94-4720-856c-eaa22dfbfc6f,v018,R07,2025-01-19T13:42:00,2025-01-19T14:33:00,39.55,completed,V018
68f517c9-ef27-4df5-bb67-338cb643e774,v019,R03,2025-02-12T02:28:00,2025-02-12T03:53:00,24.11,completed,V019
7ad90eff-6e37-48f7-bf47-703c091d0192,v010,R08,2025-01-11T00:30:00,2025-01-11T01:17:00,44.76,completed,V010
7e5d24e9-f554-42e6-b303-73517b602783,v010,R10,2025-02-21T18:23:00,2025-02-21T20:00:00,43.18,completed,V010
5a802f8f-9315-4bcd-b860-f37ef22dae8b,v003,R05,2025-01-27T20:27:00,2025-01-27T20:59:00,38.52,completed,V003
1058b185-d4e0-4483-b32b-528bd2a9f5ad,v014,R03,2025-02-28T10:46:00,2025-02-28T11:25:00,34.45,completed,V014
c5eb4e60-a5bc-4b5a-8221-83c3a06e4cf3,v011,R01,2025-01-04T05:20:00,2025-01-04T07:06:00,35.54,completed,V011
2ca8c0bb-f7b0-4792-8a8e-24e24993533e,v010,R04,2025-03-06T15:28:00,2025-03-06T17:05:00,16.87,completed,V010
eed09327-26ee-437a-9080-324df3f6736e,v012,R01,2025-01-02T15:44:00,2025-01-02T16:29:00,30.82,completed,V012
f9945690-f1bb-4dc9-8f1f-494f402e8df1,v004,R02,2025-01-23T23:33:00,2025-01-24T01:20:00,39.75,completed,V004
6ba1d86a-916f-4b22-95d7-5ce3a78c917e,v020,R05,2025-01-11T03:20:00,2025-01-11T03:38:00,48.83,completed,V020
737d13ce-75b2-4e00-a1a9-698080b2aa3a,v008,R03,2025-01-20T08:22:00,2025-01-20T08:40:00,21.1,cancelled,V008
517dff9d-ce7a-489a-8912-b9257b4fcf48,v010,R07,2025-02-25T08:12:00,2025-02-25T08:30:00,40.88,completed,V010
a49fc13a-fcc8-4e80-8ec0-9ef23ca3f5b4,v008,R02,2025-01-24T21:19:00,2025-01-24T21:55:00,12.71,completed,V008
5df803ef-d717-4cb3-91bc-15ad9c2e83e2,v018,R08,2025-02-06T08:00:00,2025-02-06T08:20:00,41.32,completed,V018
228a19cd-98a8-4df8-9cfa-03e80cb0fa30,v019,R07,2025-02-27T08:17:00,2025-02-27T09:33:00,30.08,completed,V019
0ebd3154-6a42-46a2-8aea-5ad9adb6f80a,v009,R09,2025-03-03T15:42:00,2025-03-03T16:11:00,46.97,completed,V009
0fba5d6d-f4d8-46c1-911f-1cd3100d4dd6,v008,R09,2025-01-29T11:31:00,2025-01-29T12:11:00,47.2,completed,V008
3bcdc396-e672-4194-9c0e-68fa1080c0b1,v012,R07,2025-01-27T09:45:00,2025-01-27T10:24:00,30.16,completed,V012
f72e280d-0a8a-463a-9d33-f6bb56b190c7,v017,R08,2025-03-08T16:36:00,2025-03-08T18:20:00,43.89,completed,V017
bcef0b38-2631-43e1-83a5-25c1bde33fc2,v011,R07,2025-03-11T00:34:00,2025-03-11T01:43:00,10.79,completed,V011
3cc5d575-2013-45f7-a4aa-fd751c8ba9da,v019,R05,2025-01-12T10:51:00,2025-01-12T12:45:00,6.09,completed,V019
b3198c54-6023-49d6-a34c-0b771350e500,v016,R05,2025-02-01T04:16:00,2025-02-01T04:26:00,20.12,completed,V016
9cfc053b-3fc1-412d-b3b5-74728483672c,v015,R04,2025-02-04T10:48:00,2025-02-04T11:27:00,12.36,completed,V015
054ebd21-0fa7-42e5-b353-37e23bcde0dd,v009,R03,2025-01-14T22:24:00,2025-01-15T00:06:00,25.57,in_progress,V009
293b8026-9d81-41fe-a89d-4523e56fd456,v015,R04,2025-01-17T09:55:00,2025-01-17T10:52:00,9.25,completed,V015
edd5f99a-4205-4818-b491-0f27915b2ed5,v009,R03,2025-01-16T16:20:00,2025-01-16T18:19:00,14.88,completed,V009
647712e9-ec49-4dd4-8473-49f51dec4f04,v014,R05,2025-02-21T12:50:00,2025-02-21T14:27:00,38.25,completed,V014
29cafe95-dd40-4bd9-99ef-e997fa10fceb,v010,R06,2025-02-15T20:30:00,2025-02-15T21:20:00,3.26,completed,V010
da6157f8-99f5-4953-91e8-93bf493e568c,v007,R03,2025-01-02T07:25:00,2025-01-02T07:36:00,20.7,completed,V007
8d21e165-b2c1-49f0-8f09-fb6e6a5ba6a0,v011,R10,2025-02-19T07:48:00,2025-02-19T09:00:00,31.96,completed,V011
76a1aa1f-59b4-4604-9623-6a53578daaf1,v005,R05,2025-03-08T18:54:00,2025-03-08T19:46:00,35.01,completed,V005
eed991a2-aa0b-4364-85fb-ac09eab706b3,v007,R02,2025-01-30T04:48:00,2025-01-30T06:17:00,49.37,completed,V007
97750cd1-23c6-4a62-baac-3fa0cffce56f,v003,R10,2025-01-30T09:42:00,2025-01-30T09:56:00,5.69,completed,V003
974d8a0a-734b-4e18-b2a3-85c93e6ea902,v004,R03,2025-02-10T11:13:00,2025-02-10T12:28:00,3.49,completed,V004
3ec25767-9d07-4c60-9bbb-5e37906dd0ee,v010,R06,2025-03-05T03:08:00,2025-03-05T04:02:00,12.7,in_progress,V010
5ac2d6ab-ff08-4f96-b48b-17fa7a73be97,v003,R08,2025-03-07T07:50:00,2025-03-07T08:02:00,31.12,completed,V003
98d8b0c9-aa74-423f-a019-b3981a9c976d,v003,R08,2025-02-16T09:59:00,2025-02-16T10:23:00,46.59,completed,V003
0b12a0eb-ad45-44fd-af84-e7a0666503e6,v019,R07,2025-02-18T10:48:00,2025-02-18T11:09:00,4.52,completed,V019
3591da09-4bdb-4cfa-9b43-24bb8ec0245d,v013,R03,2025-02-22T12:25:00,2025-02-22T13:06:00,37.12,completed,V013
18da652a-bf81-4891-892e-e06b20ceab1b,v010,R01,2025-01-11T12:39:00,2025-01-11T12:49:00,4.98,completed,V010
99eb3e5a-3718-424e-a941-bf8098c70179,v009,R06,2025-02-18T16:15:00,2025-02-18T18:12:00,18.23,completed,V009
bace4bd9-7fe6-48ee-86d4-0ea7e7bca504,v013,R03,2025-03-10T15:21:00,2025-03-10T16:16:00,29.53,in_progress,V013
22a62463-4d9d-4d28-bc60-b5ab755a5d29,v018,R04,2025-01-07T11:47:00,2025-01-07T12:53:00,22.81,completed,V018
246f4ba1-6caa-452e-9780-625350dd268e,v010,R08,2025-03-03T13:52:00,2025-03-03T15:30:00,41.35,in_progress,V010
6794bb36-ab3b-4e38-b308-0c0f19470c5b,v015,R02,2025-02-04T12:03:00,2025-02-04T13:14:00,8.6,completed,V015
a9c5974f-e514-4014-93c2-2c233a2c2198,v016,R09,2025-01-29T00:16:00,2025-01-29T02:15:00,40.73,cancelled,V016
beee0f16-f111-4a3f-a5ea-65f97616d467,v009,R04,2025-01-29T21:10:00,2025-01-29T23:07:00,30.67,completed,V009
0748d7bd-0894-4bc0-b16f-65487b6763c1,v015,R02,2025-02-16T03:17:00,2025-02-16T04:19:00,13.88,completed,V015
65f06eb5-a9fb-40ac-8d54-9d71e8369e7c,v001,R07,2025-01-31T00:46:00,2025-01-31T02:07:00,39.71,completed,V001
2aa8caa6-a060-428d-998e-a83758193129,v005,R04,2025-02-22T08:46:00,2025-02-22T09:48:00,8.58,completed,V005
b66c6e66-d6ed-41b8-957c-48b154b72a50,v012,R09,2025-01-20T02:44:00,2025-01-20T04:21:00,32.76,in_progress,V012
409f6891-1e76-4305-ad63-e02c10b3ea2d,v015,R09,2025-02-22T11:26:00,2025-02-22T12:39:00,21.26,completed,V015
bc3eb80d-36bf-4b55-b950-be137ab08670,v003,R09,2025-01-29T14:04:00,2025-01-29T16:02:00,37.92,completed,V003
0d7d499b-4c87-459a-b407-7df6a837c35f,v017,R04,2025-01-09T14:51:00,2025-01-09T16:24:00,45.74,completed,V017
1258eadc-09a8-40d2-b1f8-206fcf9f099e,v005,R03,2025-02-14T08:55:00,2025-02-14T09:30:00,32.07,completed,V005
a7954ecf-29a4-4370-b2ea-1d455aacd77b,v018,R01,2025-02-06T23:40:00,2025-02-07T00:29:00,48.05,in_progress,V018
ef98b16a-cb72-4a86-9c22-fa0a6f99a2af,v015,R08,2025-02-12T18:29:00,2025-02-12T20:19:00,13.12,completed,V015
2ec9ed98-067f-41b3-9205-d9f57fc13c89,v015,R09,2025-02-18T11:17:00,2025-02-18T11:34:00,48.98,completed,V015
31a804bb-a6e9-4a7c-91b5-e5b756c8fb34,v016,R08,2025-02-24T19:19:00,2025-02-24T20:40:00,12.26,completed,V016
cadc821d-fba4-4bf5-bf71-94134f6a82fa,v013,R08,2025-02-19T04:42:00,2025-02-19T06:13:00,45.07,completed,V013
36f1f981-5e7e-4ce3-9fed-a6829d764c0e,v014,R05,2025-01-02T02:24:00,2025-01-02T04:22:00,38.93,in_progress,V014
6151fd25-cd42-4dcc-9271-5e338ccc84c2,v001,R07,2025-01-22T12:32:00,2025-01-22T13:12:00,43.83,completed,V001
a7feecbe-93ab-409f-a683-64676cd3f44b,v015,R06,2025-01-06T14:08:00,2025-01-06T14:51:00,31.67,completed,V015
8e388c00-d5ca-4156-8b4f-b368cdb53174,v002,R04,2025-02-05T07:05:00,2025-02-05T09:04:00,9.53,completed,V002
218809b7-2cf9-4192-a8ca-1989350b0dc1,v010,R04,2025-03-05T07:38:00,2025-03-05T09:06:00,22.64,completed,V010
f72bf9ec-a849-406a-af1a-9ec0f252208a,v009,R09,2025-02-07T04:13:00,2025-02-07T04:23:00,10.39,in_progress,V009
6ed81e1a-9de2-4d4d-87f1-660efe98e25c,v020,R03,2025-01-18T19:34:00,2025-01-18T20:41:00,29.09,completed,V020
2185b7a9-9400-407f-ac6d-47814a4a57d9,v008,R07,2025-02-09T15:58:00,2025-02-09T17:34:00,41.6,in_progress,V008
dc0ba4c3-b6cb-4827-bcd4-5b2078f9cce0,v014,R09,2025-01-08T00:51:00,2025-01-08T01:35:00,21.4,in_progress,V014
2bb50dc2-d116-4314-8200-028922918464,v020,R05,2025-02-06T16:18:00,2025-02-06T16:57:00,11.06,completed,V020
243b3a13-6bb5-4cc5-9145-b00e48a749ac,v002,R08,2025-02-14T11:11:00,2025-02-14T12:03:00,17.89,in_progress,V002
cfdce729-b708-4aa6-b756-1e984e8b71e8,v015,R04,2025-01-27T11:20:00,2025-01-27T12:17:00,35.38,completed,V015
bfb58a4a-c2ad-4084-afa3-8d09db56e979,v019,R09,2025-02-04T02:35:00,2025-02-04T03:54:00,28.26,completed,V019
3e42a6e6-5887-45d9-948a-fd78be0b98ee,v013,R07,2025-01-15T11:35:00,2025-01-15T13:01:00,19.22,completed,V013
4db7d3d7-9fa0-496f-a6a7-8d51d9987c07,v003,R07,2025-01-28T09:05:00,2025-01-28T10:26:00,38.68,completed,V003
537388de-01de-4961-bfa8-91a0f8e31d40,v019,R06,2025-01-31T07:58:00,2025-01-31T08:37:00,41.29,in_progress,V019
d178c163-9645-485e-b04b-efe125338a16,v009,R09,2025-03-04T13:26:00,2025-03-04T15:22:00,15.97,completed,V009
3987824d-9a1b-4bc0-b0af-c531ad997042,v004,R04,2025-01-09T11:15:00,2025-01-09T12:04:00,35.24,cancelled,V004
ff5c971b-6fdf-467e-9ea6-553799626de6,v017,R03,2025-01-19T22:04:00,2025-01-19T22:52:00,12.69,completed,V017
b81ba10e-ac7e-4ed5-ada9-9e3ddc74a9ad,v016,R02,2025-03-04T11:08:00,2025-03-04T11:20:00,10.45,in_progress,V016
98648f4c-a17e-448a-b8d0-4b6475e4ad55,v004,R07,2025-03-10T15:44:00,2025-03-10T16:51:00,24.18,completed,V004
9c8ae21f-fc80-4c1f-8214-7b358c62cf3a,v019,R10,2025-02-04T01:25:00,2025-02-04T03:10:00,44.73,in_progress,V019
b91f63f9-b4f7-4128-bc8e-497173f411be,v005,R03,2025-01-20T19:58:00,2025-01-20T21:49:00,22.36,completed,V005
a848f955-f369-4962-b6ed-a3f6545e36f5,v003,R09,2025-01-17T21:53:00,2025-01-17T22:06:00,27.16,completed,V003
485751e6-94d3-47cb-9171-a37e859dd394,v001,R01,2025-03-01T04:41:00,2025-03-01T05:53:00,16.2,completed,V001
573a4c63-85aa-4aee-95e1-d7f95f38189e,v017,R09,2025-02-21T20:20:00,2025-02-21T21:36:00,23.8,cancelled,V017
7173fd2e-e2b4-4468-9e78-a4bc1dcb3a8d,v019,R04,2025-03-10T15:06:00,2025-03-10T16:44:00,48.41,completed,V019
44286dda-7a87-494a-936f-58ba590888d9,v011,R03,2025-02-25T16:19:00,2025-02-25T16:45:00,30.39,completed,V011
9a9bc94b-b53c-4a81-841e-2df16c57b0ba,v012,R10,2025-02-20T06:58:00,2025-02-20T08:24:00,33.51,completed,V012
b6104910-100d-4f55-b036-42e9a90001b6,v010,R05,2025-02-12T09:02:00,2025-02-12T09:56:00,19.11,in_progress,V010
8b2c577a-5505-4f1c-9cb6-0418d3e51aa2,v010,R06,2025-01-21T15:22:00,2025-01-21T15:46:00,24.09,completed,V010
9f17b70a-9de0-44e7-8343-bdb08c6d593e,v012,R01,2025-02-08T07:02:00,2025-02-08T07:40:00,35.68,completed,V012
9b02bd1c-2f16-4d17-ad35-4306855aa380,v001,R06,2025-01-27T00:28:00,2025-01-27T01:31:00,35.67,in_progress,V001
fd425ba8-1264-4a96-a6fc-a338215f32d6,v011,R03,2025-03-10T04:21:00,2025-03-10T06:02:00,12.98,completed,V011
7a47a295-b0f3-43ba-861f-b3555d06302c,v011,R09,2025-03-03T10:20:00,2025-03-03T11:29:00,42.13,completed,V011
486f61b4-54ca-4ff7-802c-131df9d0b038,v002,R10,2025-02-26T10:43:00,2025-02-26T12:23:00,4.69,completed,V002
dd4ba8fa-1acf-4316-920e-51dddeef2e5e,v003,R03,2025-01-04T22:52:00,2025-01-05T00:05:00,27.92,completed,V003
65ecb371-d643-4d4c-be80-fb213b0a3aba,v004,R09,2025-01-07T15:02:00,2025-01-07T15:29:00,48.93,completed,V004
da9bce7a-5a61-474c-b980-09a001cbd6df,v008,R02,2025-01-15T20:29:00,2025-01-15T21:49:00,13.52,completed,V008
1043f5e6-85db-4623-9bfd-0aee8b12de79,v007,R03,2025-02-17T07:07:00,2025-02-17T08:00:00,27.01,completed,V007
1f276609-5a5d-40da-b2ef-0eaf1d46a625,v020,R04,2025-03-02T16:52:00,2025-03-02T17:33:00,28.15,completed,V020
e37a3d5f-fc51-40e6-bcea-9b0d1d17f6bf,v019,R09,2025-02-01T09:06:00,2025-02-01T09:36:00,24.34,in_progress,V019
80c19e2d-6c00-4d16-bf01-f685718428ca,v001,R07,2025-02-22T14:54:00,2025-02-22T16:23:00,7.73,completed,V001
f1a28e0a-700e-4e93-be87-ab3dcde6fe5c,v010,R02,2025-01-15T22:13:00,2025-01-15T23:27:00,18.9,in_progress,V010
024ee26e-94d2-4743-a12f-0a8ec7fa749d,v020,R05,2025-02-18T18:22:00,2025-02-18T19:05:00,27.35,completed,V020
f911e8aa-0abe-4e36-84a0-e5d65ad85ea1,v006,R03,2025-01-09T18:35:00,2025-01-09T19:40:00,4.04,completed,V006
b94d5e95-6c4d-487e-a1e0-60a5fabb4acb,v010,R10,2025-01-03T18:35:00,2025-01-03T20:12:00,13.03,completed,V010
149edd86-5638-4b4e-84d9-efb03ff3a2af,v012,R09,2025-01-23T23:56:00,2025-01-24T01:27:00,8.76,cancelled,V012
d111827f-8ccc-4e62-870d-6c441cf5c47f,v006,R07,2025-01-30T17:58:00,2025-01-30T19:30:00,47.53,completed,V006
e6c37157-0f32-41a8-ae1c-ad680e118656,v004,R02,2025-03-09T00:34:00,2025-03-09T02:11:00,18.95,completed,V004
b926971a-ed72-4705-b216-1b30043275c0,v007,R10,2025-01-20T09:46:00,2025-01-20T10:51:00,2.23,completed,V007
b0bc52d7-d474-4a7f-b253-6effc3ff74ac,v015,R06,2025-01-11T18:10:00,2025-01-11T18:21:00,46.56,in_progress,V015
6dee1bf4-5219-4b94-aaba-6c6c6c566106,v015,R05,2025-01-05T04:23:00,2025-01-05T05:00:00,31.1,completed,V015
a68adfe7-b123-4cb0-b527-6800faf4733b,v017,R01,2025-02-10T12:54:00,2025-02-10T13:30:00,27.33,completed,V017
797e6f60-e463-4dd2-833d-bc2804eb59ed,v017,R05,2025-02-01T23:20:00,2025-02-01T23:51:00,22.77,completed,V017
55ab6234-0243-4ebe-ad6c-211ee495fa5e,v014,R10,2025-01-02T02:03:00,2025-01-02T02:37:00,4.46,in_progress,V014
a3061729-d210-4918-9755-a13881194df7,v018,R08,2025-01-26T10:26:00,2025-01-26T11:34:00,42.81,cancelled,V018
25577831-2dcb-4437-a6ab-f8868ce2f442,v004,R09,2025-01-21T16:15:00,2025-01-21T17:15:00,30.43,completed,V004
b7894059-4aa8-4012-a169-4349ed765873,v014,R04,2025-02-06T04:49:00,2025-02-06T05:36:00,21.24,completed,V014
df7dffde-ff79-47ce-8fd4-64f246831e65,v005,R05,2025-02-08T11:48:00,2025-02-08T12:42:00,13.12,completed,V005
c50e0039-dd6e-418d-b5cf-fe94e8dc3f6f,v003,R08,2025-01-03T02:14:00,2025-01-03T02:45:00,49.41,completed,V003
2b8c9024-b8ec-4a0d-9e29-ab59e96f9b56,v019,R04,2025-01-25T17:35:00,2025-01-25T18:49:00,20.52,completed,V019
6ce09358-f49b-46de-86bc-26ef6cea4bca,v011,R09,2025-02-06T20:15:00,2025-02-06T20:51:00,28.77,completed,V011
e8fbdb3d-9188-4554-b965-3f805630312c,v003,R01,2025-01-10T03:24:00,2025-01-10T05:15:00,20.57,completed,V003
674e38e8-2cee-4240-8915-e823fe6eecad,v018,R06,2025-01-19T23:40:00,2025-01-20T00:06:00,12.54,completed,V018
d4a39ee3-b2e8-44d5-8e59-b79f3d7a05e8,v015,R10,2025-02-14T06:21:00,2025-02-14T08:16:00,48.47,completed,V015
e979f66c-3d48-45b8-aac9-f7324bfb271c,v009,R10,2025-01-06T06:26:00,2025-01-06T07:44:00,29.5,completed,V009
ae532337-0839-457a-9adc-4fa89e3f2dd4,v012,R05,2025-01-05T23:28:00,2025-01-06T00:43:00,30.44,completed,V012
fe67681f-7cb0-4f02-9493-e2505ce131c1,v006,R08,2025-01-04T17:34:00,2025-01-04T19:22:00,13.61,completed,V006
e94d8a07-b1f3-47ba-ab3c-aaa5f7d4fb02,v001,R06,2025-02-14T15:02:00,2025-02-14T16:09:00,29.14,completed,V001
844f0ca3-128a-411f-8a9c-d87cd094bc69,v015,R04,2025-01-06T14:32:00,2025-01-06T15:01:00,39.77,completed,V015
9ff10662-5d5e-4d98-b192-7fc9d8d72598,v017,R06,2025-02-06T15:20:00,2025-02-06T16:27:00,16.38,completed,V017
3516eaca-34ed-41e4-9e83-1374c9e263c6,v011,R02,2025-02-20T09:58:00,2025-02-20T10:56:00,26.45,in_progress,V011
c24b88af-9d6c-4359-a8a7-100df884daad,v017,R10,2025-03-08T05:14:00,2025-03-08T05:45:00,24.8,cancelled,V017
fdc61468-4471-4c37-9dd4-e6c20cc52272,v003,R02,2025-02-20T01:25:00,2025-02-20T02:36:00,7.7,completed,V003
fe0d6978-8614-4156-aee0-60028a7e5772,v011,R04,2025-01-12T08:42:00,2025-01-12T09:39:00,38.05,completed,V011
20d8a3ea-a022-49c7-820f-b10681cf5823,v019,R09,2025-01-02T14:10:00,2025-01-02T14:40:00,31.8,completed,V019
c25319f1-b259-4109-8178-618aff4c5322,v007,R07,2025-01-25T05:24:00,2025-01-25T05:39:00,22.31,cancelled,V007
1ec0cbec-6e26-4589-a6fb-3baf404f9fc8,v005,R02,2025-02-25T17:28:00,2025-02-25T18:31:00,34.37,completed,V005
036d9589-ec92-418a-ad05-9e8c71957f0b,v016,R08,2025-02-10T03:07:00,2025-02-10T03:41:00,49.04,in_progress,V016
8ce06674-bdb0-40ee-8b52-a35c09ee7673,v005,R07,2025-02-19T07:40:00,2025-02-19T09:10:00,14.12,completed,V005
b96d5325-9fc0-47e2-8faf-07de844925e9,v018,R10,2025-02-24T20:43:00,2025-02-24T21:02:00,3.36,completed,V018
a32378ef-0cce-4fcb-b13f-7ef2ad454edd,v007,R09,2025-01-16T23:49:00,2025-01-17T00:31:00,33.56,in_progress,V007
c75f7984-4aab-4abb-8390-233d9626fa37,v013,R03,2025-01-20T20:47:00,2025-01-20T21:40:00,41.46,completed,V013
4329c74e-45fa-4874-996d-f83cb8606b79,v016,R02,2025-03-10T21:37:00,2025-03-10T22:13:00,12.45,completed,V016
e968ee9b-92ae-4ddb-9e95-5c46597de93e,v006,R10,2025-01-21T23:26:00,2025-01-22T00:03:00,21.44,completed,V006
994320d7-91cf-4a22-be75-c83d21c8e6df,v006,R01,2025-01-11T17:51:00,2025-01-11T18:07:00,22.43,completed,V006
35bbfdd5-1ace-4cb3-babd-7fe91365d4b2,v002,R04,2025-02-05T09:22:00,2025-02-05T11:22:00,5.21,completed,V002
34af589f-025e-4e4a-a35e-60c976b52431,v003,R04,2025-02-20T18:46:00,2025-02-20T19:30:00,19.35,completed,V003
cbcb67ac-ed69-40a2-bb8d-643ccc40d0e2,v019,R01,2025-02-08T13:19:00,2025-02-08T14:30:00,49.74,completed,V019
0fa1ccb9-a973-4cdc-a522-6c0daf4b5ed7,v006,R03,2025-02-02T17:21:00,2025-02-02T18:47:00,47.33,completed,V006
216b2d7e-885d-41ab-b667-c162431ca2a0,v018,R07,2025-01-31T13:44:00,2025-01-31T14:12:00,47.94,completed,V018
c6bea7b5-d2e2-4dc7-8d24-15c6fd2009f9,v016,R01,2025-01-30T14:39:00,2025-01-30T15:52:00,17.31,completed,V016
713a46df-1f61-43ae-aa41-fd3d8e797f66,v018,R06,2025-02-12T03:11:00,2025-02-12T04:39:00,10.39,completed,V018
4d119498-79a2-4907-9ff4-19103640b7bb,v017,R07,2025-02-17T18:53:00,2025-02-17T20:10:00,27.78,in_progress,V017
61568aea-d26c-4cf0-a2e9-88b33bf9a90f,v001,R03,2025-02-24T15:56:00,2025-02-24T17:42:00,6.06,completed,V001
d8556c98-9f1d-4d72-a1ff-74bb7ac39d38,v012,R09,2025-01-13T09:21:00,2025-01-13T10:31:00,26.36,completed,V012
aa97a065-0d87-4ace-a6be-2576f14752d0,v001,R03,2025-01-21T19:03:00,2025-01-21T20:43:00,16.55,completed,V001
a668b035-ff7a-44e2-928c-f1b733f13af8,v009,R03,2025-01-29T18:39:00,2025-01-29T19:22:00,38.01,in_progress,V009
133fa756-22cf-4938-81e1-cd950c9c6f0c,v012,R09,2025-01-17T18:04:00,2025-01-17T18:34:00,5.18,completed,V012
2aac84c6-6f90-4224-8ac5-ee288eb1066c,v006,R07,2025-02-20T06:55:00,2025-02-20T07:35:00,47.39,completed,V006
68cbf490-6f43-48fb-8325-255dd50a32d1,v008,R07,2025-01-19T22:34:00,2025-01-19T23:15:00,32.6,completed,V008
d2e890ec-7929-4146-b0cc-e230aa3d7d31,v006,R03,2025-01-09T09:13:00,2025-01-09T10:36:00,14.92,completed,V006
b895540f-9eef-45bd-8f7d-d282217ea8d1,v004,R07,2025-03-03T13:20:00,2025-03-03T13:34:00,35.81,completed,V004
49487806-b210-40e8-9c69-556fb66e8e04,v012,R07,2025-01-18T15:22:00,2025-01-18T16:16:00,13.92,completed,V012
31a24b85-c8bc-4a3f-aed6-9bd32b1970dc,v010,R09,2025-01-17T16:46:00,2025-01-17T18:10:00,21.27,completed,V010
13e5f996-9c36-433a-8087-0a3bc48dfbb5,v004,R02,2025-01-17T19:44:00,2025-01-17T20:59:00,19.2,completed,V004
8a68ee1e-f596-427b-b174-a7cda15ef3a5,v020,R02,2025-02-21T13:11:00,2025-02-21T15:05:00,36.38,completed,V020
1c526dcc-8c9b-43d7-a7ee-9bce2cf4f103,v015,R03,2025-03-09T23:55:00,2025-03-10T00:44:00,20.12,completed,V015
73e552ba-ce44-4466-bf3f-185fbfb0058c,v016,R03,2025-01-11T18:31:00,2025-01-11T20:20:00,23.54,in_progress,V016
7e6090af-b114-4d36-8b61-72ca4434328a,v016,R10,2025-02-01T12:47:00,2025-02-01T13:25:00,21.37,completed,V016
6316191b-ce30-4f64-9a68-b415c5837a91,v006,R10,2025-02-19T09:55:00,2025-02-19T10:45:00,2.01,completed,V006
7fd5a991-5341-4370-a4bc-a0c9bd61a73b,v011,R09,2025-02-04T09:01:00,2025-02-04T10:49:00,48.32,completed,V011
1c961493-5cbc-4385-8211-e014ec5a9e30,v016,R10,2025-01-26T04:51:00,2025-01-26T05:05:00,46.51,completed,V016
a1080b95-d916-444e-af3f-4d5601aa0d4c,v013,R01,2025-01-13T14:00:00,2025-01-13T14:16:00,26.96,completed,V013
df16b93a-5e93-4340-9f28-3e3830030ef1,v013,R04,2025-02-14T04:20:00,2025-02-14T04:34:00,30.93,cancelled,V013
ad57a9db-83ab-418f-9ac2-b4ff65f549e3,v020,R01,2025-03-09T10:49:00,2025-03-09T11:08:00,27.53,in_progress,V020
dfdf8321-2a60-4e45-b8db-78df40294731,v007,R03,2025-02-11T02:39:00,2025-02-11T02:51:00,44.46,completed,V007
e18bb047-8904-4a65-bae1-f7e738cebe75,v003,R07,2025-01-10T09:49:00,2025-01-10T11:45:00,13.86,completed,V003
8f0c6ced-d33a-4c47-8232-7453be88266e,v018,R02,2025-01-21T21:47:00,2025-01-21T23:40:00,38.61,completed,V018
59bc3415-4fe5-4af3-bd8b-b901f41be059,v014,R03,2025-03-10T20:40:00,2025-03-10T21:21:00,43.69,completed,V014
071f7cda-c402-435e-beeb-1d27cd5b9b0d,v009,R08,2025-02-06T16:33:00,2025-02-06T17:11:00,24.9,completed,V009
0b313c61-38a0-4619-b05d-7d78c7e19729,v008,R06,2025-02-21T10:49:00,2025-02-21T12:36:00,45.1,in_progress,V008
6bb9f665-5fa3-431f-8c61-5581090d1e8e,v003,R10,2025-03-11T00:06:00,2025-03-11T01:55:00,33.68,completed,V003
f14a0564-9fd6-4538-92b7-2d82055768bd,v017,R06,2025-01-25T01:08:00,2025-01-25T02:58:00,38.63,completed,V017
7383aa20-ef41-425d-9db3-a9241c6ade5b,v020,R10,2025-03-02T08:24:00,2025-03-02T10:07:00,16.42,cancelled,V020
4505826b-d9a9-4dad-9cf1-86339abb4f83,v010,R03,2025-01-16T11:43:00,2025-01-16T12:10:00,8.37,completed,V010
7f14a6b1-5c07-4777-a68d-1d1b4a5de7c9,v020,R02,2025-03-04T16:56:00,2025-03-04T18:00:00,20.78,completed,V020
8e37405c-79ef-41de-8056-453adc959141,v016,R02,2025-01-01T14:18:00,2025-01-01T15:02:00,13.33,completed,V016
64ac8d6b-929e-4a6a-92a2-12d277323f84,v019,R05,2025-01-31T03:51:00,2025-01-31T05:22:00,34.38,in_progress,V019
f2a28a2d-d8fe-4a2c-ba8c-f17baf6185bc,v017,R01,2025-01-23T10:17:00,2025-01-23T11:28:00,13.8,completed,V017
571bed1b-1b8c-470a-a1d2-882a66be26ba,v005,R05,2025-01-09T05:51:00,2025-01-09T07:08:00,27.83,completed,V005
854a32b4-1951-407c-8de9-8886418b21f8,v005,R07,2025-02-10T01:00:00,2025-02-10T01:32:00,28.55,completed,V005
419e7ec3-c8b1-47de-a0a9-61944fb0313c,v009,R10,2025-01-08T18:49:00,2025-01-08T20:14:00,43.33,completed,V009
f1368385-cc9f-49f6-8b2b-5d4b8ac6b869,v019,R07,2025-02-21T19:23:00,2025-02-21T19:34:00,28.84,completed,V019
da0ad146-96d0-40e3-a380-72c5685b036e,v014,R01,2025-02-04T16:43:00,2025-02-04T18:17:00,30.68,completed,V014
69cdf7ab-2238-4a36-a73e-b777c0d231b9,v005,R01,2025-02-12T20:52:00,2025-02-12T22:33:00,47.41,in_progress,V005
7c191d4d-743b-4972-bff4-13b90c54de72,v007,R04,2025-01-10T03:35:00,2025-01-10T04:27:00,23.72,completed,V007
1d387bdb-e85c-45b8-9454-56e540ceb9d0,v012,R04,2025-02-27T10:43:00,2025-02-27T11:17:00,8.36,completed,V012
ea9d00f1-52c5-4803-83c4-9e2414196e77,v001,R08,2025-01-12T00:44:00,2025-01-12T01:11:00,29.54,completed,V001
3dce3c20-90da-4068-9080-5b1c28e6df84,v014,R01,2025-02-07T02:40:00,2025-02-07T03:18:00,3.87,completed,V014
c0ec342c-8b2e-4d67-a2be-d592d9a98bf9,v010,R04,2025-03-04T18:48:00,2025-03-04T20:39:00,34.94,completed,V010
f87dd722-291e-4cc7-8862-a00f70364bce,v020,R04,2025-02-13T05:08:00,2025-02-13T06:02:00,5.53,completed,V020
3c889dd6-e676-440a-a580-2b86bdcc050b,v003,R07,2025-03-03T21:58:00,2025-03-03T23:11:00,18.66,completed,V003
d6a20868-9a5d-48d6-9762-76ddb59bcbc5,v001,R07,2025-03-01T03:22:00,2025-03-01T05:02:00,46.65,completed,V001
64f96e65-6a6e-40bf-bf56-c3a12ca6d84c,v003,R05,2025-03-06T01:33:00,2025-03-06T03:26:00,4.99,in_progress,V003
c7af286d-f74b-407f-bcc8-af99e85e46bf,v002,R03,2025-01-25T07:52:00,2025-01-25T09:00:00,34.97,completed,V002
7b9a1553-9035-4560-ae3b-9a287b65815d,v013,R10,2025-01-23T19:51:00,2025-01-23T20:58:00,47,completed,V013
e22eded1-b8d5-4a7a-b868-a6ffcb42b211,v012,R08,2025-02-04T18:49:00,2025-02-04T20:48:00,47.49,in_progress,V012
9173ba80-5cbd-4e74-b44a-22939f76f40b,v017,R01,2025-01-12T02:39:00,2025-01-12T04:18:00,7.72,completed,V017
624d4f56-28e0-416b-8a38-caf640fba3f2,v006,R04,2025-02-19T15:38:00,2025-02-19T15:51:00,22.11,completed,V006
913a84f5-e5bd-492c-aa58-88508f58b950,v001,R07,2025-02-02T05:33:00,2025-02-02T06:50:00,37.9,completed,V001
8391ea44-77c0-406b-8bd3-5a5a6429eb00,v014,R03,2025-02-13T15:10:00,2025-02-13T16:47:00,21.58,completed,V014
144b544f-6c69-4623-a4eb-dfb6d15ad901,v014,R10,2025-02-08T16:39:00,2025-02-08T17:19:00,44.76,completed,V014
dfe38d4a-fce4-4a39-9e7c-43482c7a7a70,v016,R05,2025-02-28T03:32:00,2025-02-28T05:06:00,23.38,completed,V016
623d0549-9c31-411a-8bee-be0253879ad4,v013,R10,2025-02-13T11:34:00,2025-02-13T13:11:00,3.24,cancelled,V013
4d8b9b88-6bef-4d9c-8734-455087f966ac,v004,R09,2025-01-03T02:14:00,2025-01-03T03:36:00,22.25,completed,V004
fb675790-2e77-4728-a151-792af390d8a0,v002,R02,2025-03-04T03:34:00,2025-03-04T04:41:00,4.06,completed,V002
e199d369-298a-48ed-8524-35814b04a2d6,v004,R07,2025-02-20T10:25:00,2025-02-20T12:15:00,24.34,completed,V004
0c605f51-b35c-4722-a03d-ed54d865ceed,v013,R06,2025-02-21T01:16:00,2025-02-21T03:12:00,36.07,completed,V013
b05c4503-636f-48a5-8cda-f4ee408f090d,v001,R01,2025-01-20T16:49:00,2025-01-20T17:56:00,49.83,completed,V001
06d7af50-6ef9-4a75-be94-0cb80c542fb2,v014,R05,2025-01-24T22:08:00,2025-01-24T23:42:00,13.24,completed,V014
7e69f4b2-810a-474b-b1de-4edc12f67da0,v003,R05,2025-03-09T13:10:00,2025-03-09T14:33:00,27.11,completed,V003
322e9d1b-0e2f-4d94-9267-6af2b9494066,v005,R07,2025-03-07T13:12:00,2025-03-07T14:31:00,7.18,completed,V005
4319df6b-bb0f-476e-8159-e4c77bd9f8b0,v010,R03,2025-03-04T11:07:00,2025-03-04T11:46:00,19.66,in_progress,V010
7849fe94-f8d3-4ef9-a76b-ecbf56527490,v011,R08,2025-01-05T10:39:00,2025-01-05T12:31:00,33.72,completed,V011
88c8176b-8ad5-4fdf-9805-6e3ab89fe1b6,v010,R05,2025-02-03T05:54:00,2025-02-03T07:51:00,2.89,completed,V010
fb85ae8a-5ef2-4333-ab27-fa79814435ac,v019,R01,2025-01-05T23:19:00,2025-01-06T01:06:00,49.29,completed,V019
1953492f-9cba-4968-98c4-9bf9c99f9f3e,v014,R07,2025-02-03T18:02:00,2025-02-03T18:12:00,27.46,completed,V014
34863ff6-81a3-4382-8052-b6f740b9a664,v014,R05,2025-01-17T12:46:00,2025-01-17T13:37:00,23.9,completed,V014
45423428-159a-46f4-ad5e-5be43db57bfc,v015,R01,2025-01-27T20:56:00,2025-01-27T21:43:00,2.05,completed,V015
32385f36-55de-454d-bb52-808f2f175cad,v015,R07,2025-01-26T17:20:00,2025-01-26T17:50:00,47.6,completed,V015
0298628d-7245-4f0a-9b1a-49656a1052d7,v011,R05,2025-02-07T08:24:00,2025-02-07T09:27:00,45.61,completed,V011
463b5aa1-c93c-4e2c-94ba-1fb5b0aa8f95,v020,R01,2025-01-11T22:26:00,2025-01-11T23:03:00,45.88,in_progress,V020
5a1a028f-ac2a-44f8-b723-d95538c219e0,v005,R02,2025-03-08T19:02:00,2025-03-08T19:41:00,45.54,completed,V005
dcad0c85-e62a-4a14-b835-63bc347b3f9b,v012,R10,2025-02-13T21:59:00,2025-02-13T23:10:00,40.99,completed,V012
ce8bb487-6e66-4355-b73f-00321c8c3b3a,v008,R05,2025-02-14T10:13:00,2025-02-14T10:40:00,9.08,completed,V008
74f9e3f9-3e82-4eff-85fb-41bf4c985bb9,v008,R08,2025-01-06T05:30:00,2025-01-06T06:02:00,46.7,completed,V008
421a42be-c2e3-41fc-a7e7-2fa800c1edce,v017,R04,2025-01-17T16:41:00,2025-01-17T18:17:00,24.68,completed,V017
75d052c2-6af1-4082-9938-393664421b29,v013,R05,2025-02-01T23:43:00,2025-02-02T01:34:00,36.73,completed,V013
8937dc5c-efa4-46aa-bf60-60a95c7b03a0,v004,R07,2025-03-06T09:19:00,2025-03-06T10:43:00,38.44,completed,V004
30fc405f-7ae4-4ad2-a6fd-5a670c92ee6c,v007,R03,2025-01-17T23:35:00,2025-01-18T00:04:00,6.66,in_progress,V007
19336e82-0ef9-4440-9393-59dff4053a88,v014,R08,2025-02-17T03:12:00,2025-02-17T04:45:00,31.19,completed,V014
d215b894-6d35-4411-8451-0a2dedcc9d8f,v002,R01,2025-03-11T05:37:00,2025-03-11T07:05:00,7.44,completed,V002
626eac93-47f7-4b08-b7e4-d8e8909dab48,v020,R09,2025-01-28T01:49:00,2025-01-28T03:32:00,2.43,in_progress,V020
1c1182c9-d08c-4ec9-8561-f274e7c2d6d0,v007,R01,2025-02-25T06:33:00,2025-02-25T07:37:00,47.6,completed,V007
b079e743-150e-4add-bb02-466cc2612126,v010,R04,2025-01-21T05:15:00,2025-01-21T06:26:00,4.2,completed,V010
ebe9b4ac-d430-440d-9bae-caccbc6ec75f,v020,R08,2025-01-01T18:30:00,2025-01-01T19:08:00,24.66,completed,V020
4c85aa88-b984-40ca-9199-defa939dbdeb,v020,R04,2025-01-11T03:04:00,2025-01-11T04:38:00,36.6,in_progress,V020
15171a38-168e-498f-af8b-e573228b37dc,v005,R08,2025-03-05T05:41:00,2025-03-05T07:25:00,38.27,in_progress,V005
1ec2d1e4-69a8-437a-9f35-4b661d21a594,v001,R10,2025-01-21T20:00:00,2025-01-21T21:07:00,41.29,completed,V001
0770f1b4-6d5e-4d10-baa4-1c81d468fdf1,v011,R08,2025-01-09T12:08:00,2025-01-09T12:30:00,2.1,completed,V011
02822fd8-bb87-42a9-9918-67439d411805,v006,R03,2025-02-09T15:13:00,2025-02-09T16:47:00,14.33,in_progress,V006
93deb19b-90b3-4690-a25f-51c3793f1c16,v011,R05,2025-03-09T11:09:00,2025-03-09T13:08:00,27.33,cancelled,V011
17633bbd-578e-420e-9478-97eb5e817309,v015,R03,2025-01-02T20:14:00,2025-01-02T20:40:00,43.57,completed,V015
eadeaf39-a457-4c51-b017-3e92d7ecf87b,v011,R08,2025-01-10T07:52:00,2025-01-10T09:01:00,18.34,completed,V011
bd5e381d-eff4-4c61-961a-c4a7dc233af5,v015,R01,2025-01-10T03:22:00,2025-01-10T03:46:00,24.07,completed,V015
d8306768-ad43-4eac-a124-68dc9577b5cf,v008,R04,2025-01-18T09:48:00,2025-01-18T10:27:00,41.05,in_progress,V008
e09b1f01-f644-4aac-980e-28d2a6b44859,v012,R02,2025-02-26T19:49:00,2025-02-26T20:30:00,43.99,completed,V012
744c02b5-baa5-4028-8970-0a49f70a5747,v015,R02,2025-01-22T12:26:00,2025-01-22T14:22:00,47.92,in_progress,V015
af0dabbd-aed5-4de6-9bb9-11a63264ccdb,v009,R05,2025-03-03T04:49:00,2025-03-03T04:59:00,14.81,completed,V009
3a06575f-1591-4ede-8e4f-e54532b57824,v010,R03,2025-02-11T17:07:00,2025-02-11T17:52:00,39.55,completed,V010
ff4ac369-9d88-435e-909e-fbc46053e4ae,v003,R08,2025-01-19T05:19:00,2025-01-19T06:12:00,43.03,completed,V003
aaa7f868-d18b-486d-a30c-c665355b250b,v020,R01,2025-02-26T17:51:00,2025-02-26T19:17:00,22.09,completed,V020
2c388cbb-d848-4654-a695-432d07d2ee97,v002,R10,2025-02-28T02:21:00,2025-02-28T04:15:00,33.09,completed,V002
b45bac4a-7fe8-4be8-aead-02e34af8c02d,v011,R02,2025-01-12T22:29:00,2025-01-13T00:11:00,9.24,completed,V011
d5406d0c-a2a8-4791-9049-03587bceef5e,v006,R05,2025-02-14T18:06:00,2025-02-14T18:22:00,49.65,completed,V006
60b5c54f-5a85-4491-8ae7-314e18695737,v018,R07,2025-01-15T05:47:00,2025-01-15T07:20:00,10.15,in_progress,V018
f45b5e52-3105-4cf5-8686-bc319d56c740,v009,R04,2025-01-25T04:47:00,2025-01-25T05:13:00,7.69,completed,V009
5a4c1226-245d-4468-b858-f56f697e265f,v015,R01,2025-03-07T23:09:00,2025-03-08T01:04:00,9.2,completed,V015
4e8f5ce9-a7a9-42af-b658-fe474e8a5006,v012,R08,2025-03-09T15:29:00,2025-03-09T16:47:00,20.29,completed,V012
e3e7bec7-3ecc-4f14-b98e-d2297b03e243,v014,R06,2025-03-10T12:34:00,2025-03-10T13:47:00,49.26,completed,V014
47da50ae-9caa-4a4e-a70b-56eeb095b949,v004,R03,2025-02-27T00:13:00,2025-02-27T01:50:00,40.43,completed,V004
9de2aed9-30f6-457e-a2ad-28ee0b4e79f8,v018,R10,2025-02-16T13:03:00,2025-02-16T15:00:00,17.77,completed,V018
572465ab-d5cc-4638-b517-2089599eb55f,v019,R07,2025-01-15T23:00:00,2025-01-15T23:40:00,49.1,completed,V019
71339ed7-e13f-4be9-aeb5-d332b673b76e,v011,R08,2025-01-18T11:38:00,2025-01-18T12:36:00,34.83,completed,V011
ed52f51e-0635-4273-ba01-1e3ed9892c7d,v015,R02,2025-01-10T07:58:00,2025-01-10T09:56:00,18.13,completed,V015
a9588205-1d25-4cbb-ba4d-0c03cffe796b,v002,R04,2025-01-24T16:25:00,2025-01-24T18:25:00,43.46,completed,V002
9de1e9bc-dfb5-4c10-9870-cf38843153ff,v018,R03,2025-01-24T07:58:00,2025-01-24T08:59:00,31.85,completed,V018
383688b1-c7ca-4655-bf50-bb2c724b3d35,v008,R05,2025-01-23T18:21:00,2025-01-23T20:03:00,25.67,in_progress,V008
a598fbf3-944f-4542-9ff3-91764ce67c23,v003,R09,2025-02-05T21:14:00,2025-02-05T22:08:00,39.45,completed,V003
8c20780d-f650-4f0f-904f-b4b9a3c02733,v018,R01,2025-02-12T18:05:00,2025-02-12T18:38:00,25.62,completed,V018
dc99686e-6a01-4a6b-a25e-f8d2ebd13851,v017,R05,2025-01-08T16:05:00,2025-01-08T16:48:00,32.67,completed,V017
d4dcdd54-e1c5-4d91-abcf-237743846601,v013,R04,2025-01-20T02:58:00,2025-01-20T04:17:00,22.34,completed,V013
857836ea-b707-488a-b3ba-cb966239814c,v002,R10,2025-02-12T06:20:00,2025-02-12T07:43:00,12.77,in_progress,V002
b96cec4d-dd05-415a-aa84-f6c5c755f4b9,v012,R01,2025-02-19T14:20:00,2025-02-19T16:16:00,46.72,completed,V012
9f3dffe1-2a68-4692-9b0e-7d9eb2796ff5,v013,R04,2025-02-05T04:53:00,2025-02-05T05:54:00,31.11,in_progress,V013
9ba9b2b9-7b68-4f0b-93e2-1772884a7b6b,v016,R10,2025-01-02T04:28:00,2025-01-02T05:50:00,6.45,completed,V016
0a58ff79-8510-4acb-bae6-ab87549db3ea,v014,R08,2025-02-12T13:57:00,2025-02-12T15:07:00,11.39,completed,V014
58ff82dc-ee70-4d3c-840e-35ca2ce033a7,v003,R09,2025-01-23T11:17:00,2025-01-23T12:06:00,16.49,completed,V003
1e1f6531-8630-47f2-b216-3449dafee4d2,v009,R01,2025-01-05T04:13:00,2025-01-05T05:54:00,29.85,completed,V009
74ebeb9e-d76c-475c-bed0-6fabf873f33d,v005,R08,2025-01-30T22:48:00,2025-01-30T23:30:00,6.1,completed,V005
f496d533-bc9f-498b-9cf5-3557796531a6,v005,R09,2025-02-23T11:51:00,2025-02-23T12:24:00,45.08,completed,V005
f4e64d6d-63dc-45bf-9161-1b1b58396224,v019,R07,2025-02-13T17:17:00,2025-02-13T17:34:00,28.66,completed,V019
031dac5c-7450-4471-a35b-81293e0b84a5,v004,R03,2025-02-12T09:22:00,2025-02-12T11:06:00,46.52,in_progress,V004
4afc271d-06af-4d9f-b0c4-ef9f7dded2de,v005,R03,2025-02-28T19:37:00,2025-02-28T20:18:00,16.17,completed,V005
63c32d77-d084-4c9e-a472-6b9aa51a2406,v003,R08,2025-03-01T04:32:00,2025-03-01T05:44:00,12.51,in_progress,V003
be613e95-5cf2-417a-be2d-0edf77c18c68,v002,R03,2025-01-12T01:38:00,2025-01-12T02:12:00,48.84,in_progress,V002
b8e285b0-5eab-47a5-824e-6c282f71efff,v016,R07,2025-01-28T05:31:00,2025-01-28T06:51:00,28.09,completed,V016
ff28d540-e8ff-48b1-a7ad-bd9b0c57cd57,v014,R02,2025-02-07T20:46:00,2025-02-07T22:02:00,41.54,completed,V014
8b1411a3-a5dd-45f0-8e2d-5d5c27a8d38f,v001,R07,2025-03-01T22:56:00,2025-03-02T00:56:00,12.83,completed,V001
de8faa36-fddf-43d9-b175-7f255af2c59c,v016,R01,2025-02-19T23:30:00,2025-02-20T00:56:00,45.67,completed,V016
89e71015-f993-4c74-a548-65985d65c75d,v006,R10,2025-02-13T13:50:00,2025-02-13T15:11:00,48.49,completed,V006
62cd62f6-99eb-4b20-bfd1-73e5b0f7cb91,v014,R06,2025-01-23T21:31:00,2025-01-23T22:15:00,23.08,in_progress,V014
7eda5612-1384-4337-b388-a2cc481b5c8f,v001,R02,2025-01-05T21:09:00,2025-01-05T22:35:00,14.89,completed,V001
7d50b198-7131-45e4-9607-bf9efc93cd3a,v013,R08,2025-02-08T06:48:00,2025-02-08T07:22:00,28.46,completed,V013
53acf05d-db8e-4cc6-92c5-f5a8dbda9d06,v013,R05,2025-01-23T19:04:00,2025-01-23T19:48:00,27.36,completed,V013
5d8ece36-d973-4e1b-bfe4-3bf64344fdcc,v008,R01,2025-03-01T19:40:00,2025-03-01T20:13:00,25.51,completed,V008
abb019fc-606d-4cad-b23f-6672a946c2b5,v012,R03,2025-03-03T12:35:00,2025-03-03T13:42:00,18.84,completed,V012
ded2016a-58be-4b33-bcc3-369f01950bb1,v001,R10,2025-01-03T12:42:00,2025-01-03T14:14:00,12.84,completed,V001
a2950b68-7ee2-410d-8c71-8cbe9d7446c0,v009,R04,2025-02-05T13:15:00,2025-02-05T15:09:00,21.02,completed,V009
72057810-2695-41a9-86c3-fa45e743a2eb,v001,R02,2025-01-07T19:24:00,2025-01-07T20:43:00,14.37,completed,V001
ed94bf43-480d-410c-a364-546155d87cd0,v001,R03,2025-02-13T06:06:00,2025-02-13T06:20:00,7.6,completed,V001
22352c75-0ae1-40fd-b24a-9d33f83ce1a4,v020,R02,2025-01-18T12:20:00,2025-01-18T13:07:00,5.43,completed,V020
5879f8dc-1c1d-4c62-bc1e-159b2c20e5ff,v005,R02,2025-01-28T04:09:00,2025-01-28T05:51:00,28.89,completed,V005
e965ef5e-1f3b-40e6-bd9f-cc7e617d9a6f,v019,R02,2025-02-27T11:44:00,2025-02-27T13:06:00,39.51,completed,V019
95389732-5f5a-4796-8768-02a71473bb52,v013,R01,2025-01-14T02:14:00,2025-01-14T03:07:00,18.64,completed,V013
ce81d8e2-c392-4985-89cc-e2efc37cd136,v009,R02,2025-01-29T14:57:00,2025-01-29T16:00:00,5.01,completed,V009
4629b4d1-3678-4d6e-9517-fffd870f3675,v009,R03,2025-02-14T23:29:00,2025-02-15T01:08:00,42.64,completed,V009
731d6d45-53e1-4100-a615-c93a21d157a2,v017,R05,2025-01-12T23:20:00,2025-01-13T00:54:00,6.79,completed,V017
ea164fba-b258-48a6-8cec-5d5ae34fa670,v018,R04,2025-02-24T23:55:00,2025-02-25T00:46:00,11.46,completed,V018
74de2b09-1bcf-4b2c-9768-80b7a8a51642,v003,R10,2025-03-07T12:13:00,2025-03-07T13:17:00,6.57,in_progress,V003
9fc142db-62e5-4992-81b4-fd74577b54d4,v005,R10,2025-02-11T15:16:00,2025-02-11T16:05:00,23.18,completed,V005
e357dd51-0096-4a3c-86e5-788bd2091f18,v017,R10,2025-01-17T01:12:00,2025-01-17T03:11:00,45.86,completed,V017
5e66b5be-f9be-494a-bbf1-dab4455d95af,v016,R07,2025-02-12T13:39:00,2025-02-12T14:10:00,47.68,completed,V016
90febc12-d30b-4c01-b777-facccd154d44,v009,R02,2025-01-29T12:27:00,2025-01-29T13:05:00,35.89,completed,V009
2d148d15-704a-4b4b-8d76-c5765b0e2cb6,v016,R05,2025-02-09T03:28:00,2025-02-09T04:25:00,39.29,completed,V016
fd6170b9-19c5-4ff8-b617-ce8f7a13ea19,v016,R09,2025-03-10T23:07:00,2025-03-11T00:54:00,34.09,completed,V016
44cefb82-40b8-4639-bd07-23c6275b3aba,v011,R08,2025-01-19T15:13:00,2025-01-19T16:54:00,22.3,completed,V011
b3a7cdf8-637e-4ae0-acaf-d92d03affc01,v009,R09,2025-02-08T06:08:00,2025-02-08T06:24:00,6.87,completed,V009
386c8156-ab31-4173-adc1-c9c76e90defa,v015,R04,2025-03-09T16:48:00,2025-03-09T18:19:00,13.3,completed,V015
34cb166a-f6c7-4cfd-889a-243684d54216,v005,R06,2025-02-12T18:42:00,2025-02-12T19:10:00,44.04,completed,V005
6d18834f-94e1-4f2f-8a84-84709b6dba0a,v019,R08,2025-02-05T11:13:00,2025-02-05T11:37:00,13.76,completed,V019
b20a5098-b775-43a7-b65f-780901ceb5e4,v010,R01,2025-03-04T16:21:00,2025-03-04T17:11:00,40.07,completed,V010
006c6287-0ba3-4116-9f12-4c1ec4cb8838,v003,R09,2025-01-09T07:36:00,2025-01-09T09:36:00,44.15,cancelled,V003
66398ed3-bb16-4dea-81ea-5ce701596905,v015,R02,2025-02-18T11:48:00,2025-02-18T12:06:00,31.91,in_progress,V015
2237a794-48ba-4d0b-a1d0-45b304665af5,v009,R01,2025-02-07T20:10:00,2025-02-07T20:54:00,14.14,cancelled,V009
70b8c73b-c054-4623-8d2b-60694270789a,v004,R09,2025-02-05T14:00:00,2025-02-05T15:44:00,29.33,completed,V004
5dc27110-6dd7-4163-9efc-2e56f58b6ad1,v001,R02,2025-01-25T10:38:00,2025-01-25T11:34:00,42.06,completed,V001
42da6c06-e7fb-4f3a-8210-802e21247dfb,v001,R10,2025-01-11T18:55:00,2025-01-11T20:18:00,34.13,completed,V001
c720c4ec-a406-4a49-a0c2-079924837f30,v001,R06,2025-02-23T03:59:00,2025-02-23T05:19:00,21.85,completed,V001
9e82faa6-6cd5-449f-8a9d-6fd8023a2deb,v004,R03,2025-01-06T09:40:00,2025-01-06T10:47:00,30.19,in_progress,V004
c997abb1-2b80-47ac-8b13-5baa37b20540,v016,R07,2025-03-01T09:45:00,2025-03-01T09:58:00,12.29,completed,V016
ea7844ef-5237-4aaa-bc4b-5e34c26d3e72,v003,R09,2025-01-25T21:13:00,2025-01-25T21:31:00,21.04,completed,V003
4ed8fb86-24fe-445b-bc06-5b7ad0b23f7f,v013,R04,2025-02-23T20:14:00,2025-02-23T21:02:00,5.08,completed,V013
29e922ca-a46c-4ebb-af8c-17b48e4d478d,v001,R01,2025-02-28T07:51:00,2025-02-28T09:35:00,28.97,completed,V001
b2de56f1-de40-4f75-84c1-82a1fe4f8c48,v012,R10,2025-01-10T19:04:00,2025-01-10T19:42:00,21.32,completed,V012
438624da-8fe0-4376-a4e5-8e06b7d66d89,v020,R08,2025-01-28T02:52:00,2025-01-28T04:50:00,11.18,completed,V020
904a0ffc-cffe-4829-89fc-85c5b9c0b6e9,v004,R06,2025-02-09T04:21:00,2025-02-09T06:18:00,37.72,completed,V004
a25b5e07-0fb1-4ea9-85a3-9d282e2c8e17,v005,R04,2025-01-21T17:05:00,2025-01-21T19:02:00,7,completed,V005
c8d65c41-5f2c-4daf-bee6-0be2e506fb53,v012,R10,2025-01-09T23:57:00,2025-01-10T01:09:00,17.68,completed,V012
6715d314-f49a-41b8-bd98-1b0d5b595da3,v006,R09,2025-02-24T07:20:00,2025-02-24T09:12:00,23.72,completed,V006
4e5139ea-3059-491a-9423-627e4278c554,v003,R10,2025-02-24T01:09:00,2025-02-24T02:27:00,9.43,completed,V003
5d9fdcf6-c176-4a24-b67f-1d5e07adc4de,v001,R02,2025-02-20T06:32:00,2025-02-20T07:11:00,7.08,completed,V001
78dc7f44-2cda-46cb-bc88-e5bcb108011c,v002,R01,2025-02-23T21:09:00,2025-02-23T21:37:00,22.93,completed,V002
661f8450-12d4-4bad-be71-72e4beffa0dc,v005,R03,2025-01-19T04:11:00,2025-01-19T05:45:00,46.75,completed,V005
5a34639b-6ad4-40cd-a41d-e28a44b64018,v013,R01,2025-03-02T05:34:00,2025-03-02T05:48:00,25.91,completed,V013
ecfd257d-75fd-4f07-ba57-b701a7357815,v017,R07,2025-01-05T15:50:00,2025-01-05T16:49:00,23.77,completed,V017
f6afe115-29ee-4cea-9542-143a5a9fc1e9,v020,R07,2025-01-24T22:49:00,2025-01-25T00:00:00,45.39,completed,V020
0ec77b02-45b8-4217-8981-eecdd26e7871,v020,R06,2025-01-17T08:47:00,2025-01-17T10:41:00,45.99,in_progress,V020
cb0f3d19-468b-43b5-a73b-1aae4cd168cc,v002,R01,2025-02-01T04:59:00,2025-02-01T06:51:00,17.29,completed,V002
28138ae3-bd5c-4cd8-85c9-f77364cc79a6,v009,R02,2025-03-05T05:30:00,2025-03-05T06:27:00,25.33,completed,V009
9b29d095-cc9f-497a-9a05-8e773aaa1cf8,v009,R06,2025-03-10T16:49:00,2025-03-10T17:13:00,18.7,completed,V009
dfc9ce3c-c8d4-4e84-94fc-ee328cf5b7b8,v003,R10,2025-01-06T11:58:00,2025-01-06T13:48:00,32.45,completed,V003
11bf36c7-d470-4fbd-82b8-e22b9a07b195,v019,R03,2025-01-19T23:51:00,2025-01-20T01:14:00,37.47,completed,V019
e0a6547f-7103-414c-b594-2f68832863a2,v006,R08,2025-01-09T14:22:00,2025-01-09T15:20:00,5.53,cancelled,V006
e91ae8a1-ef59-4cf9-bd1f-9c74504489d7,v013,R10,2025-01-05T16:57:00,2025-01-05T17:45:00,8.37,completed,V013
d9b8864c-510c-47fb-b40e-ceea6f648195,v002,R08,2025-01-31T06:48:00,2025-01-31T08:02:00,37.84,completed,V002
11c8b67e-cc14-4f0d-b99b-93b44087ec43,v016,R05,2025-01-08T23:22:00,2025-01-08T23:41:00,37.96,completed,V016
b7c3ac53-e636-4f20-b14b-166fb30ea453,v014,R01,2025-01-02T13:06:00,2025-01-02T13:35:00,8.68,completed,V014
566d4a37-c5e6-48f7-a2a0-eae8549f34ee,v009,R10,2025-01-03T19:07:00,2025-01-03T20:10:00,29.94,completed,V009
83d5ef64-45b3-4770-b7d2-e45e5ca1f08b,v016,R07,2025-01-22T10:42:00,2025-01-22T12:23:00,44.85,in_progress,V016
f0964944-e782-404b-b8e5-d8ede47ba940,v014,R02,2025-02-16T01:32:00,2025-02-16T02:54:00,12.75,completed,V014
59c2a209-41fc-4c74-a026-995846660db0,v006,R10,2025-02-20T15:53:00,2025-02-20T16:19:00,44.4,in_progress,V006
b1d55893-e1a0-4a7a-9a09-d68e838c639c,v013,R10,2025-02-04T16:26:00,2025-02-04T18:17:00,27.31,completed,V013
28e871b9-ef18-4517-9875-1a1a74cd08cf,v010,R10,2025-02-10T04:54:00,2025-02-10T06:19:00,19.48,completed,V010
806a341f-18b6-4312-a6b1-2b9703f0ad45,v015,R03,2025-01-26T09:45:00,2025-01-26T11:10:00,13.79,completed,V015
aacfb189-7dc9-4507-8edc-1631bcdef654,v006,R04,2025-03-01T21:29:00,2025-03-01T23:01:00,26.31,in_progress,V006
065bfb82-7155-4f83-ab6e-6b9e9db75722,v013,R02,2025-01-05T22:44:00,2025-01-06T00:23:00,25.46,completed,V013
66f002d4-c311-4ec1-b348-e79d337d54e6,v016,R08,2025-02-20T12:37:00,2025-02-20T13:11:00,14.95,completed,V016
9ced8671-6934-44b8-847a-a5edb4726cff,v004,R08,2025-01-16T04:34:00,2025-01-16T05:31:00,33.35,completed,V004
ea4d9ff2-693c-4334-9f58-68e29dfbaf95,v013,R01,2025-02-10T05:11:00,2025-02-10T06:15:00,17.84,completed,V013
89bdcc74-4155-40aa-afed-1fa2d3363bce,v017,R10,2025-01-15T06:41:00,2025-01-15T07:31:00,23.98,completed,V017
ef364d13-1baf-45e8-8488-a7e2b5e205be,v006,R01,2025-01-21T02:46:00,2025-01-21T04:10:00,40.45,completed,V006
56504908-301a-4df0-924f-fac9b8f84c60,v010,R07,2025-01-04T09:55:00,2025-01-04T10:24:00,21.14,completed,V010
7374ad97-aa2c-46be-bbe8-f978bff0a6d5,v012,R02,2025-01-30T21:22:00,2025-01-30T21:46:00,19.04,in_progress,V012
d968cd74-6fe6-4ec8-a2f6-e27b27ee620c,v014,R05,2025-03-11T03:54:00,2025-03-11T04:50:00,31,completed,V014
a2001cd5-5b38-4603-a6b3-19aea403c543,v017,R03,2025-01-11T00:23:00,2025-01-11T01:15:00,44.08,completed,V017
21d59723-e49a-42de-afec-9f15ddb00cdb,v002,R02,2025-01-03T03:43:00,2025-01-03T05:11:00,28.68,completed,V002
4466de69-bebd-4557-888a-4bfe753a5018,v017,R06,2025-01-02T08:38:00,2025-01-02T10:20:00,17.96,completed,V017
49f398d6-d442-4cbc-8d48-198747bcd39e,v013,R01,2025-01-22T09:46:00,2025-01-22T11:02:00,29.6,completed,V013
0d2d7c75-72a1-4ec9-8281-0e10dfdc95a5,v009,R07,2025-01-20T04:47:00,2025-01-20T06:35:00,10.31,completed,V009
8c0b1c15-af9f-41dc-927d-99260a93c870,v019,R02,2025-02-14T09:56:00,2025-02-14T11:15:00,12.77,completed,V019
b5895178-d39f-4936-94e0-a24dc6c30a2d,v010,R05,2025-01-05T20:16:00,2025-01-05T21:04:00,23.73,in_progress,V010
98e1f01b-316f-4fa6-a6ec-35901edeada3,v005,R01,2025-02-23T11:44:00,2025-02-23T13:06:00,33.73,completed,V005
17d38120-fec9-458c-9977-e0d0500ed8e7,v010,R04,2025-02-15T03:21:00,2025-02-15T04:44:00,15.43,completed,V010
b51f08d6-ae85-43b9-b220-34e8142673f5,v009,R03,2025-01-08T02:48:00,2025-01-08T03:13:00,11.95,completed,V009
13b40c14-ee21-480b-9c2b-74ad706394cc,v007,R10,2025-02-21T22:53:00,2025-02-22T00:35:00,35.2,completed,V007
dce30b73-6df0-4130-8212-4684a7229cd8,v019,R10,2025-03-08T19:33:00,2025-03-08T20:46:00,24.71,completed,V019
dbb6d632-dd90-47f1-b61d-39a51ab87d6b,v019,R02,2025-01-11T06:26:00,2025-01-11T06:53:00,34.97,completed,V019
7a7f66c9-f674-4aa1-9954-d6e313e9825f,v005,R09,2025-01-19T19:55:00,2025-01-19T20:20:00,18.34,completed,V005
3b1a518f-4348-4250-995f-9d8067f849df,v019,R03,2025-03-01T15:58:00,2025-03-01T16:29:00,33.23,completed,V019
4f62e18c-3fe3-44e6-8f2d-3962ad524ab4,v010,R06,2025-01-21T15:42:00,2025-01-21T17:06:00,12.59,completed,V010
b9599224-a0a3-4710-a97c-42eb35c6fa00,v007,R06,2025-03-06T05:53:00,2025-03-06T07:37:00,25.12,completed,V007
7793c870-172a-4609-ab22-4c86fc9e1095,v015,R03,2025-02-13T10:44:00,2025-02-13T11:19:00,13.88,completed,V015
3c882ebb-a6c3-4e2d-9d5f-f9f9cc0ef2bb,v013,R09,2025-01-16T12:54:00,2025-01-16T14:00:00,26.7,in_progress,V013
ce48ae61-bea6-46b3-9bd2-8835eb013c30,v009,R06,2025-01-04T03:08:00,2025-01-04T04:10:00,26.9,completed,V009
4a6b03be-24b4-4476-8132-6081b4e00175,v012,R02,2025-02-18T04:39:00,2025-02-18T05:38:00,40.31,completed,V012
79dbeb18-4530-4ab6-a924-7c34f92b21bd,v012,R08,2025-01-01T13:27:00,2025-01-01T15:17:00,19.22,completed,V012
508e695e-d89c-4089-b566-8aa960e43e7f,v007,R07,2025-01-23T07:03:00,2025-01-23T07:52:00,24.28,completed,V007
ce271f5a-0de9-4db0-b1c6-6909dd1f7d2b,v017,R10,2025-01-08T21:51:00,2025-01-08T23:30:00,39.92,in_progress,V017
2a7ff0ec-58f9-4dfa-afbf-0a6a62ddfaed,v008,R01,2025-03-09T18:32:00,2025-03-09T19:54:00,7.88,completed,V008
532d01f6-8f3d-4421-84ee-5ec6bda6209e,v012,R08,2025-01-05T12:00:00,2025-01-05T13:52:00,15.13,completed,V012
95e0e444-a1db-4ace-94c1-67ee56ec2f93,v011,R08,2025-02-26T12:45:00,2025-02-26T13:00:00,24.8,completed,V011
9db5f011-aeeb-4c0c-893f-c810237b3206,v007,R06,2025-02-25T06:55:00,2025-02-25T08:28:00,19.27,completed,V007
e4eaa7a6-b204-451b-99a2-523d43f8e9df,v014,R10,2025-01-23T00:42:00,2025-01-23T02:33:00,17.06,cancelled,V014
6ba30757-9893-4882-98b9-a7d2bb23d67c,v020,R07,2025-03-02T06:20:00,2025-03-02T07:58:00,19.12,in_progress,V020
211c1d9e-2cff-4b1f-8428-6a6aa2015955,v001,R07,2025-02-22T12:41:00,2025-02-22T14:30:00,10.83,in_progress,V001
2b4c89cd-6e01-4c69-89ec-fe055951010d,v013,R07,2025-02-03T05:00:00,2025-02-03T05:28:00,26.89,completed,V013
67d3a672-d0ca-4056-b07b-19c6c3d50bbb,v013,R08,2025-03-03T04:39:00,2025-03-03T06:31:00,25.05,cancelled,V013
370651c4-499e-4dc0-b1e4-41c204d85219,v008,R03,2025-01-12T10:29:00,2025-01-12T12:29:00,15.17,completed,V008
dbc2df2c-088f-46e4-9792-3f2722ca352f,v011,R10,2025-01-31T13:52:00,2025-01-31T14:07:00,11.16,cancelled,V011
be89d16e-43ab-4a95-a788-a17c36fb4dfc,v012,R09,2025-03-02T19:32:00,2025-03-02T20:30:00,44.33,completed,V012
d29cd531-1fac-4fd7-a915-04c66371cfe9,v016,R09,2025-02-07T08:03:00,2025-02-07T08:49:00,30.65,completed,V016
5ba62fb1-a9b5-4f6c-a3ce-741fd4d3a961,v015,R08,2025-03-07T13:06:00,2025-03-07T14:25:00,47.92,completed,V015
1e07ae21-91aa-4c19-8055-0af7d4f3ece8,v014,R03,2025-02-27T18:32:00,2025-02-27T20:03:00,37.22,cancelled,V014
9dbd7f8b-e749-4e70-843d-41c6ba67356f,v008,R04,2025-01-08T19:23:00,2025-01-08T19:36:00,10.37,completed,V008
a6c20912-0574-4fea-957f-b39912511bd9,v016,R07,2025-01-16T22:09:00,2025-01-16T22:26:00,34.27,completed,V016
7417c1ce-f498-48b9-b9c3-352610ecec0e,v002,R10,2025-01-21T18:48:00,2025-01-21T20:11:00,47.09,completed,V002
d8a94e75-60d1-458e-818c-160a34e3867a,v012,R10,2025-02-16T05:26:00,2025-02-16T06:55:00,3.19,completed,V012
ab98c5cf-d2b2-4f35-925f-684f96f3b8f6,v004,R03,2025-02-05T11:34:00,2025-02-05T11:44:00,6.12,completed,V004
ba45c3b3-8769-4fdb-a987-0444c78ecb8b,v020,R10,2025-02-26T04:25:00,2025-02-26T05:38:00,17.75,completed,V020
fa8abbc6-1721-4068-8f6d-218fc42caf6b,v012,R06,2025-02-11T19:50:00,2025-02-11T20:19:00,4.97,in_progress,V012
11cd1714-8a80-4988-b6d4-7a3cd0a9dff0,v009,R02,2025-02-14T17:46:00,2025-02-14T19:44:00,26.36,completed,V009
3710c7ee-0378-454c-975c-5361a5715958,v005,R02,2025-01-07T01:55:00,2025-01-07T02:49:00,34.63,completed,V005